,precision,recall,f1-score,support
1,0.42105263157894735,0.6153846153846154,0.5,26.0
2,0.0,0.0,0.0,18.0
3,0.375,0.30434782608695654,0.336,69.0
4,0.24324324324324326,0.21428571428571427,0.22784810126582278,42.0
5,0.36507936507936506,0.5111111111111111,0.42592592592592593,45.0
accuracy,0.345,0.345,0.345,0.345
macro avg,0.28087504798031115,0.32902585337367946,0.2979548054383498,200.0
weighted avg,0.31733578032920134,0.345,0.32460143459915614,200.0
