,precision,recall,f1-score,support
Negative,0.9157894736842105,0.635036496350365,0.75,137.0
Neutral,0.16,0.2,0.17777777777777778,20.0
Positive,0.4875,0.9069767441860465,0.6341463414634146,43.0
accuracy,0.65,0.65,0.65,0.65
macro avg,0.5210964912280701,0.5806710801788038,0.5206413730803975,200.0
weighted avg,0.7481282894736841,0.65,0.6678692411924119,200.0
